URL,Version,Status,OIDs,Name,Title,Description,Uses,Used,Sources
http://hl7.org/fhir/ValueSet/jurisdiction,4.0.1,active,"2.16.840.1.113883.4.642.3.48",Jurisdiction ValueSet,Jurisdiction,"This value set defines a base set of codes for country, country subdivision and region    for indicating where a resource is intended to be used.             Note: The codes for countries and country subdivisions are taken from    [ISO 3166](https://www.iso.org/iso-3166-country-codes.html)    while the codes for ""supra-national"" regions are from    [UN Standard country or area codes for statistical use (M49)](http://unstats.un.org/unsd/methods/m49/m49.htm).","StructureDefinition/mii-pr-meta-searchparameter","Other"
http://hl7.org/fhir/ValueSet/languages,4.0.1,draft,"2.16.840.1.113883.4.642.3.20",CommonLanguages,Common Languages,"This value set includes common codes from BCP-47 (http://tools.ietf.org/html/bcp47)","StructureDefinition/mii-pr-meta-searchparameter","Other"
http://hl7.org/fhir/ValueSet/publication-status,4.0.1,active,"2.16.840.1.113883.4.642.3.3",PublicationStatus,PublicationStatus,"The lifecycle status of an artifact.","StructureDefinition/mii-pr-meta-searchparameter","hl7.fhir.r4.core"
http://hl7.org/fhir/ValueSet/resource-types,4.0.1,active,"2.16.840.1.113883.4.642.3.27",ResourceType,ResourceType,"One of the resource types defined as part of this version of FHIR.","StructureDefinition/mii-pr-meta-searchparameter","hl7.fhir.r4.core"
http://hl7.org/fhir/ValueSet/search-comparator,4.0.1,draft,"2.16.840.1.113883.4.642.3.637",SearchComparator,SearchComparator,"What Search Comparator Codes are supported in search.","StructureDefinition/mii-pr-meta-searchparameter","hl7.fhir.r4.core"
http://hl7.org/fhir/ValueSet/search-modifier-code,4.0.1,draft,"2.16.840.1.113883.4.642.3.639",SearchModifierCode,SearchModifierCode,"A supported modifier for a search parameter.","StructureDefinition/mii-pr-meta-searchparameter","hl7.fhir.r4.core"
http://hl7.org/fhir/ValueSet/search-param-type,4.0.1,active,"2.16.840.1.113883.4.642.3.11",SearchParamType,SearchParamType,"Data types allowed to be used for search parameters.","StructureDefinition/mii-pr-meta-searchparameter","hl7.fhir.r4.core"
http://hl7.org/fhir/ValueSet/search-xpath-usage,4.0.1,draft,"2.16.840.1.113883.4.642.3.635",XPathUsageType,XPathUsageType,"How a search parameter relates to the set of elements returned by evaluating its xpath query.","StructureDefinition/mii-pr-meta-searchparameter","hl7.fhir.r4.core"
http://hl7.org/fhir/ValueSet/spdx-license,4.0.1,draft,"2.16.840.1.113883.4.642.3.1026",SPDXLicense,SPDXLicense,"The license that applies to an Implementation Guide (using an SPDX license Identifiers, or 'not-open-source'). The binding is required but new SPDX license Identifiers are allowed to be used (https://spdx.org/licenses/).","StructureDefinition/mii-ex-meta-license-codeable","Internal"
