Source File	Size	loadResources	load	generateSnapshots	load-configure	scan	loadDepInfo	loadInfo	checkR4R4B	generateNarratives	validate	loadLists	checkConformanceResources	checkConformanceResources2	checkConformanceResources3	generateLogicalMaps	validateExpressions	scanForUsageStats	checkURLsUnique	processProvenanceDetails	translate	generate1	generate2	generateLogicals	makeDependencies	generateExampleZip	generateValidationPack	scanProfilesForR5	scanExamplesForR5
/fsh-generated/resources/ImplementationGuide-mii-ig-meta.json	66849	-	0	0	0	0	0	0	24	296	0	0	0	0	0	0	0	1	0	0	28	311	695	0	0	0	11	0	6
fsh-generated/resources/Bundle-mii-exa-meta-searchparam-collection-bundle.json	514932	133	87	0	1	0	0	0	26	396	0	0	0	0	0	0	0	2	0	0	26	1136	769	0	0	0	0	0	17
fsh-generated/resources/Bundle-mii-exa-meta-searchparam-transaction-bundle.json	536482	116	66	0	1	0	0	0	29	260	0	0	0	0	0	0	0	2	0	0	24	1059	567	0	0	0	0	0	10
fsh-generated/resources/CapabilityStatement-mii-cps-meta-server-capabilities.json	57703	10	0	0	0	0	0	0	3	62	0	0	0	0	0	0	0	0	0	0	5	259	97	0	1	0	11	0	1
fsh-generated/resources/CodeSystem-mii-cs-meta-diz-standorte.json	40519	12	0	0	0	0	0	0	5	33	0	0	1	0	0	0	0	0	0	0	7	98	309	0	0	0	4	0	1
fsh-generated/resources/SearchParameter-mii-sp-meta-adverseevent-encounter.json	2209	1	0	0	0	0	0	0	1	3	0	0	0	0	0	0	0	0	0	0	4	15	17	0	0	0	1	0	0
fsh-generated/resources/SearchParameter-mii-sp-meta-adverseevent-suspectentity-instance.json	2273	2	0	0	0	0	0	0	0	3	0	0	0	0	0	0	0	0	0	0	4	11	16	0	0	0	0	0	1
fsh-generated/resources/SearchParameter-mii-sp-meta-body-structure-location-qualifier.json	2380	1	0	0	0	0	0	0	0	3	0	0	0	0	0	0	0	0	0	0	4	11	20	0	0	0	1	0	0
fsh-generated/resources/SearchParameter-mii-sp-meta-careplan-addresses.json	2185	2	0	0	0	0	0	0	0	2	0	0	0	0	0	0	0	0	0	0	3	10	21	0	0	0	0	0	0
fsh-generated/resources/SearchParameter-mii-sp-meta-careplan-contributor.json	2197	1	0	0	0	0	0	0	0	2	0	0	0	0	0	0	0	0	0	0	3	10	20	0	0	0	0	0	0
fsh-generated/resources/SearchParameter-mii-sp-meta-careplan-created.json	2168	1	0	0	0	0	0	0	1	2	0	0	0	0	0	0	0	0	0	0	2	11	16	0	0	0	1	0	0
fsh-generated/resources/SearchParameter-mii-sp-meta-composition-attester-mode.json	2223	2	0	0	0	0	0	0	0	2	0	0	0	0	0	0	0	0	0	0	2	11	15	0	0	0	0	0	0
fsh-generated/resources/SearchParameter-mii-sp-meta-composition-custodian.json	2203	1	0	0	0	0	0	0	0	3	0	0	0	0	0	0	0	0	0	0	2	10	15	0	0	0	0	0	0
fsh-generated/resources/SearchParameter-mii-sp-meta-composition-relatesto-code.json	2230	1	0	0	0	0	0	0	0	2	0	0	0	0	0	0	0	1	0	0	3	11	14	0	0	0	1	0	0
fsh-generated/resources/SearchParameter-mii-sp-meta-composition-section-author.json	2276	2	0	0	0	0	0	0	1	2	0	0	0	0	0	0	0	0	0	0	2	11	15	0	0	0	0	0	0
fsh-generated/resources/SearchParameter-mii-sp-meta-composition-section-title.json	2293	1	0	0	0	0	0	0	0	2	0	0	0	0	0	0	0	0	0	0	3	10	14	0	0	0	0	0	0
fsh-generated/resources/SearchParameter-mii-sp-meta-condition-evidence-detail.json	2257	2	0	0	0	0	0	0	0	2	0	0	0	0	0	0	0	0	0	0	3	11	15	0	0	0	1	0	0
fsh-generated/resources/SearchParameter-mii-sp-meta-condition-icd10gm-diagnosesicherheit.json	2391	1	0	0	0	0	0	0	0	2	0	0	0	0	0	0	0	0	0	0	3	12	14	0	0	0	0	0	0
fsh-generated/resources/SearchParameter-mii-sp-meta-condition-icd10gm-mehrfachcodierung.json	2411	2	0	0	0	0	0	0	0	3	0	0	0	0	0	0	0	0	0	0	4	11	14	0	0	0	0	0	1
fsh-generated/resources/SearchParameter-mii-sp-meta-condition-icd10gm-seitenlokalisation.json	2381	1	0	0	1	0	0	0	1	3	0	0	0	0	0	0	0	0	0	0	2	11	12	0	0	0	1	0	0
fsh-generated/resources/SearchParameter-mii-sp-meta-condition-verification-status.json	2245	2	0	0	0	0	0	0	0	3	0	0	0	0	0	0	0	0	0	0	3	10	12	0	0	0	0	0	0
fsh-generated/resources/SearchParameter-mii-sp-meta-consent-policyuri.json	2255	1	0	0	0	0	0	0	0	2	0	0	0	0	0	0	0	0	0	0	3	10	12	0	0	0	0	0	0
fsh-generated/resources/SearchParameter-mii-sp-meta-consent-provisioncode.json	2255	1	0	0	0	0	0	0	0	2	0	0	0	0	0	0	0	0	0	0	3	11	13	0	0	0	1	0	0
fsh-generated/resources/SearchParameter-mii-sp-meta-consent-provisioncodeperiod.json	2676	2	0	0	0	0	0	0	1	2	0	0	0	0	0	0	0	0	0	0	3	12	16	0	0	0	0	0	0
fsh-generated/resources/SearchParameter-mii-sp-meta-consent-provisioncodetype.json	2657	1	0	0	0	0	0	0	0	3	0	0	0	0	0	0	0	0	0	0	3	12	18	0	0	0	1	0	0
fsh-generated/resources/SearchParameter-mii-sp-meta-consent-provisionperiod.json	2364	2	0	0	0	0	0	0	0	3	0	0	0	0	0	0	0	0	0	0	3	12	14	0	0	0	0	0	0
fsh-generated/resources/SearchParameter-mii-sp-meta-consent-provisiontype.json	2270	1	0	0	0	0	0	0	0	3	0	0	0	0	0	0	0	0	0	0	3	11	13	0	0	0	0	0	0
fsh-generated/resources/SearchParameter-mii-sp-meta-description.json	2378	2	0	0	0	0	0	0	0	3	0	0	0	0	0	0	0	0	0	0	3	13	13	0	0	0	1	0	0
fsh-generated/resources/SearchParameter-mii-sp-meta-device-property-type.json	2192	1	0	0	0	0	0	0	1	3	0	0	0	0	0	0	0	0	0	0	3	10	13	0	0	0	0	0	0
fsh-generated/resources/SearchParameter-mii-sp-meta-devicemetric-source.json	2190	2	0	0	0	0	0	0	0	3	0	0	0	0	0	0	0	0	0	0	3	11	14	0	0	0	0	0	1
fsh-generated/resources/SearchParameter-mii-sp-meta-diagnostic-report-conclusion.json	2313	1	0	0	0	0	0	0	0	2	0	0	0	0	0	0	0	0	0	0	3	10	13	0	0	0	1	0	0
fsh-generated/resources/SearchParameter-mii-sp-meta-diagnosticreport-imagingstudy.json	2290	2	0	0	0	0	0	0	0	2	0	0	0	0	0	0	0	0	0	0	3	11	12	0	0	0	0	0	0
fsh-generated/resources/SearchParameter-mii-sp-meta-documentreference-attachment-size.json	2276	1	0	0	0	0	0	0	1	3	0	0	0	0	0	0	0	0	0	0	3	11	14	0	0	0	0	0	0
fsh-generated/resources/SearchParameter-mii-sp-meta-documentreference-attachment-title.json	2282	1	0	0	0	0	0	0	0	2	0	0	0	0	0	0	0	0	0	0	3	11	13	0	0	0	1	0	0
fsh-generated/resources/SearchParameter-mii-sp-meta-dokument-documentreference-attachment-creation.json	2316	2	0	0	0	0	0	0	0	3	0	0	0	0	0	0	0	0	0	0	3	12	16	0	0	0	0	0	0
fsh-generated/resources/SearchParameter-mii-sp-meta-dokument-documentreference-doc-status.json	2261	1	0	0	0	0	0	0	0	2	0	0	0	0	0	0	0	0	0	0	3	12	16	0	0	0	0	0	0
fsh-generated/resources/SearchParameter-mii-sp-meta-dokument-documentreference-nlp-processing-status.json	2489	2	0	0	0	0	0	0	0	4	0	0	0	0	0	0	0	0	0	0	3	12	17	0	0	0	1	0	0
fsh-generated/resources/SearchParameter-mii-sp-meta-encounter-aufnahmegrund-drittestelle.json	2399	1	0	0	0	0	0	0	1	3	0	0	0	0	0	0	0	0	0	0	3	12	18	0	0	0	0	0	0
fsh-generated/resources/SearchParameter-mii-sp-meta-encounter-aufnahmegrund-ersteundzweitestelle.json	2447	2	0	0	0	0	0	0	0	3	0	0	0	0	0	0	0	0	0	0	3	11	14	0	0	0	1	0	0
fsh-generated/resources/SearchParameter-mii-sp-meta-encounter-aufnahmegrund-viertestelle.json	2399	1	0	0	0	0	0	0	0	2	0	0	0	0	0	0	0	0	0	0	3	12	13	0	0	0	0	0	0
fsh-generated/resources/SearchParameter-mii-sp-meta-encounter-diagnosis-use.json	2209	2	0	0	0	0	0	0	0	3	0	0	0	0	0	0	0	0	0	0	3	11	12	0	0	0	0	0	0
fsh-generated/resources/SearchParameter-mii-sp-meta-encounter-entlassungsgrund-drittestelle.json	2491	2	0	0	0	0	0	0	0	2	0	0	0	0	0	0	0	0	0	0	3	13	11	0	0	0	1	0	1
fsh-generated/resources/SearchParameter-mii-sp-meta-encounter-entlassungsgrund-ersteundzweitestelle.json	2539	1	0	0	0	0	0	0	1	2	0	0	0	0	0	0	0	0	0	0	3	13	15	0	0	0	0	0	0
fsh-generated/resources/SearchParameter-mii-sp-meta-encounter-hospitalization-admitsource.json	2294	2	0	0	1	0	0	0	0	2	0	0	0	0	0	0	0	0	0	0	3	12	12	0	0	0	0	0	0
fsh-generated/resources/SearchParameter-mii-sp-meta-encounter-location-physical-type.json	2261	1	0	0	0	0	0	0	0	2	0	0	0	0	0	0	0	0	0	0	3	11	14	0	0	0	1	0	0
fsh-generated/resources/SearchParameter-mii-sp-meta-encounter-servicetype.json	2199	1	0	0	0	0	0	0	0	3	0	0	0	0	0	0	0	0	0	0	3	11	17	0	0	0	0	0	0
fsh-generated/resources/SearchParameter-mii-sp-meta-evidencevariable-characteristic-description.json	2330	2	0	0	0	0	0	0	1	2	0	0	0	0	0	0	0	0	0	0	4	11	18	0	0	0	0	0	0
fsh-generated/resources/SearchParameter-mii-sp-meta-familymemberhistory-reasoncode.json	2253	1	0	0	0	0	0	0	0	2	0	0	0	0	0	0	0	0	0	0	3	11	17	0	0	0	1	0	0
fsh-generated/resources/SearchParameter-mii-sp-meta-familymemberhistory-reasonreference.json	2445	2	0	0	0	0	0	0	0	3	0	0	0	0	0	0	0	0	0	0	3	13	22	0	0	0	0	0	0
fsh-generated/resources/SearchParameter-mii-sp-meta-imaging-study-bildgebungsgrund.json	2457	1	0	0	0	0	0	0	0	3	0	0	0	0	0	0	0	0	0	0	3	13	17	0	0	0	0	0	0
fsh-generated/resources/SearchParameter-mii-sp-meta-imaging-study-instance-burned-in-annotation.json	2617	2	0	0	0	0	0	0	1	2	0	0	0	0	0	0	0	0	0	0	3	15	18	0	0	0	1	0	0
fsh-generated/resources/SearchParameter-mii-sp-meta-imaging-study-instance-image-type.json	2559	1	0	0	0	0	0	0	0	5	0	0	0	0	0	0	0	0	0	0	4	13	17	0	0	0	0	0	0
fsh-generated/resources/SearchParameter-mii-sp-meta-imaging-study-instance-number.json	2336	2	0	0	0	0	0	0	0	2	0	0	0	0	0	0	0	0	0	0	3	11	17	0	0	0	1	0	0
fsh-generated/resources/SearchParameter-mii-sp-meta-imaging-study-instance-pixel-x.json	2538	1	0	0	0	0	0	0	0	3	0	0	0	0	0	0	0	0	0	0	4	12	15	0	0	0	0	0	1
fsh-generated/resources/SearchParameter-mii-sp-meta-imaging-study-instance-pixel-y.json	2538	1	0	0	0	0	0	0	1	2	0	0	0	0	0	0	0	0	0	0	3	13	11	0	0	0	0	0	0
fsh-generated/resources/SearchParameter-mii-sp-meta-imaging-study-instance-slice-thickness.json	2556	2	0	0	0	0	0	0	0	3	0	0	0	0	0	0	0	0	0	0	3	12	11	0	0	0	1	0	0
fsh-generated/resources/SearchParameter-mii-sp-meta-imaging-study-modality-body-site.json	2560	1	0	0	0	0	0	0	0	2	0	0	0	0	0	0	0	0	0	0	3	12	13	0	0	0	0	0	0
fsh-generated/resources/SearchParameter-mii-sp-meta-imaging-study-modality.json	2321	2	0	0	0	0	0	0	0	2	0	0	0	0	0	0	0	0	0	0	4	11	12	0	0	0	1	0	0
fsh-generated/resources/SearchParameter-mii-sp-meta-imaging-study-number-instances.json	2367	1	0	0	0	0	0	0	0	2	0	0	0	0	0	0	0	0	0	0	3	11	14	0	0	0	0	0	0
fsh-generated/resources/SearchParameter-mii-sp-meta-imaging-study-number-series.json	2312	2	1	0	0	0	0	0	1	2	0	0	0	0	0	0	0	0	0	0	4	11	11	0	0	0	0	0	0
fsh-generated/resources/SearchParameter-mii-sp-meta-imaging-study-procedure-reference.json	2310	1	0	0	0	0	0	0	0	3	0	0	0	0	0	0	0	0	0	0	3	18	12	0	0	0	1	0	0
fsh-generated/resources/SearchParameter-mii-sp-meta-imaging-study-series-contrast-bolus-details.json	2561	1	0	0	0	0	0	0	0	2	0	0	0	0	0	0	0	0	0	0	3	12	13	0	0	0	0	0	0
fsh-generated/resources/SearchParameter-mii-sp-meta-imaging-study-series-contrast-bolus.json	2549	2	0	0	0	0	0	0	0	2	0	0	0	0	0	0	0	0	0	0	4	12	12	0	0	0	1	0	0
fsh-generated/resources/SearchParameter-mii-sp-meta-imaging-study-series-convolutional-kernel.json	2540	1	0	0	0	0	0	0	1	3	0	0	0	0	0	0	0	0	0	0	3	12	11	0	0	0	0	0	0
fsh-generated/resources/SearchParameter-mii-sp-meta-imaging-study-series-ctdi-volume.json	2494	2	0	0	0	0	0	0	0	3	0	0	0	0	0	0	0	0	0	0	3	12	13	0	0	0	0	0	1
fsh-generated/resources/SearchParameter-mii-sp-meta-imaging-study-series-echo-time.json	2485	1	0	0	0	0	0	0	0	2	0	0	0	0	0	0	0	0	0	0	3	12	11	0	0	0	1	0	0
fsh-generated/resources/SearchParameter-mii-sp-meta-imaging-study-series-exposure-time.json	2704	1	0	0	0	0	0	0	0	2	0	0	0	0	0	0	0	0	0	0	4	12	12	0	0	0	0	0	0
fsh-generated/resources/SearchParameter-mii-sp-meta-imaging-study-series-exposure.json	2672	2	0	0	0	0	0	0	1	3	0	0	0	0	0	0	0	0	0	0	3	12	11	0	0	0	1	0	0
fsh-generated/resources/SearchParameter-mii-sp-meta-imaging-study-series-flip-angle.json	2491	1	0	0	0	0	0	0	0	2	0	0	0	0	0	0	0	0	0	0	3	12	11	0	0	0	0	0	0
fsh-generated/resources/SearchParameter-mii-sp-meta-imaging-study-series-inversion-time.json	2515	2	0	0	0	0	0	0	0	2	0	0	0	0	0	0	0	0	0	0	4	11	14	0	0	0	1	0	0
fsh-generated/resources/SearchParameter-mii-sp-meta-imaging-study-series-kvp.json	2637	1	0	0	0	0	0	0	0	2	0	0	0	0	0	0	0	0	0	0	3	13	16	0	0	0	0	0	0
fsh-generated/resources/SearchParameter-mii-sp-meta-imaging-study-series-laterality.json	2369	2	0	0	0	0	0	0	1	2	0	0	0	0	0	0	0	0	0	0	3	10	12	0	0	0	0	0	0
fsh-generated/resources/SearchParameter-mii-sp-meta-imaging-study-series-magnetic-field-strength.json	2567	1	0	0	1	0	0	0	0	2	0	0	0	0	0	0	0	0	0	0	3	12	11	0	0	0	1	0	0
fsh-generated/resources/SearchParameter-mii-sp-meta-imaging-study-series-number.json	2310	1	0	0	0	0	0	0	0	2	0	0	0	0	0	0	0	0	0	0	3	10	16	0	0	0	0	0	0
fsh-generated/resources/SearchParameter-mii-sp-meta-imaging-study-series-pulse-frequency.json	2541	2	0	0	0	0	0	0	0	2	0	0	0	0	0	0	0	0	0	0	3	12	16	0	0	0	1	0	0
fsh-generated/resources/SearchParameter-mii-sp-meta-imaging-study-series-radionuclide-half-life.json	2758	2	0	0	0	0	0	0	1	2	0	0	0	0	0	0	0	0	0	0	3	12	13	0	0	0	0	0	0
fsh-generated/resources/SearchParameter-mii-sp-meta-imaging-study-series-radionuclide-total-dose.json	2765	2	0	0	0	0	0	0	0	2	0	0	0	0	0	0	0	0	0	0	3	12	12	0	0	0	0	1	1
fsh-generated/resources/SearchParameter-mii-sp-meta-imaging-study-series-radionuclide.json	2720	1	0	0	0	0	0	0	0	2	0	0	0	0	0	0	0	0	0	0	3	13	15	0	0	0	1	0	0
fsh-generated/resources/SearchParameter-mii-sp-meta-imaging-study-series-radiopharmaceutical.json	2769	1	0	0	0	0	0	0	0	3	0	0	0	0	0	0	0	0	0	0	3	12	17	0	0	0	0	0	0
fsh-generated/resources/SearchParameter-mii-sp-meta-imaging-study-series-repetition-time.json	2521	3	0	0	0	0	0	0	1	2	0	0	0	0	0	0	0	0	0	0	3	12	15	0	0	0	1	0	0
fsh-generated/resources/SearchParameter-mii-sp-meta-imaging-study-series-scanning-sequence-variant.json	2612	2	0	0	0	0	0	0	0	2	0	0	0	0	0	0	0	0	0	0	3	12	12	0	0	0	0	0	0
fsh-generated/resources/SearchParameter-mii-sp-meta-imaging-study-series-scanning-sequence.json	2566	1	0	0	0	0	0	0	0	3	0	0	0	0	0	0	0	0	0	0	3	11	14	0	0	0	0	0	0
fsh-generated/resources/SearchParameter-mii-sp-meta-imaging-study-series-series-type.json	2511	1	0	0	0	0	0	0	0	3	0	0	0	0	0	0	0	0	0	0	3	11	16	0	0	0	1	0	0
fsh-generated/resources/SearchParameter-mii-sp-meta-imaging-study-series-slice-thickness.json	2498	2	0	0	0	0	0	0	1	2	0	0	0	0	0	0	0	0	0	0	3	12	14	0	0	0	0	0	0
fsh-generated/resources/SearchParameter-mii-sp-meta-imaging-study-series-started.json	2242	1	0	0	0	0	0	0	0	2	0	0	0	0	0	0	0	0	0	0	2	10	11	0	0	0	1	0	0
fsh-generated/resources/SearchParameter-mii-sp-meta-imaging-study-series-tracer-exposure-time.json	2734	1	0	0	0	0	0	0	0	3	0	0	0	0	0	0	0	0	0	0	3	13	17	0	0	0	0	0	0
fsh-generated/resources/SearchParameter-mii-sp-meta-imaging-study-series-transducer-frequency.json	2551	1	0	0	0	0	0	0	0	2	0	0	0	0	0	0	0	0	0	0	3	12	14	0	0	0	0	0	0
fsh-generated/resources/SearchParameter-mii-sp-meta-imaging-study-series-transducer-type.json	2535	2	0	0	0	0	0	0	1	3	0	0	0	0	0	0	0	0	0	0	3	18	13	0	0	0	1	0	0
fsh-generated/resources/SearchParameter-mii-sp-meta-imaging-study-series-ultrasound-color.json	2545	1	0	0	0	0	0	0	0	3	0	0	0	0	0	0	0	0	0	0	3	11	12	0	0	0	0	0	1
fsh-generated/resources/SearchParameter-mii-sp-meta-imaging-study-series-units.json	2678	1	0	0	0	0	0	0	0	4	0	0	0	0	0	0	0	0	0	0	3	12	12	0	0	0	1	0	0
fsh-generated/resources/SearchParameter-mii-sp-meta-imaging-study-series-view-position.json	2548	2	0	0	0	0	0	0	0	3	0	0	0	0	0	0	0	0	0	0	3	12	14	0	0	0	0	0	0
fsh-generated/resources/SearchParameter-mii-sp-meta-imaging-study-series-xray-tube-current.json	2729	1	0	0	0	0	0	0	1	2	0	0	0	0	0	0	0	0	0	0	3	12	11	0	0	0	1	0	0
fsh-generated/resources/SearchParameter-mii-sp-meta-library-quellregister.json	2334	1	0	0	0	0	0	0	0	2	0	0	0	0	0	0	0	0	0	0	3	11	11	0	0	0	0	0	0
fsh-generated/resources/SearchParameter-mii-sp-meta-library-relatedartifact-url.json	2249	2	0	0	0	0	0	0	0	2	0	0	0	0	0	0	0	0	0	0	2	12	12	0	0	0	0	0	0
fsh-generated/resources/SearchParameter-mii-sp-meta-media-partof.json	2150	1	0	0	0	0	0	0	0	2	0	0	0	0	0	0	0	0	0	0	3	12	10	0	0	0	1	0	0
fsh-generated/resources/SearchParameter-mii-sp-meta-medication-dosage-dosequantity.json	2651	2	0	0	0	0	0	0	1	4	0	0	0	0	0	0	0	0	0	0	2	13	12	0	0	0	0	0	0
fsh-generated/resources/SearchParameter-mii-sp-meta-medication-dosage-doserange-high.json	2555	1	0	0	0	0	0	0	0	3	0	0	0	0	0	0	0	0	0	0	2	13	17	0	0	0	0	0	0
fsh-generated/resources/SearchParameter-mii-sp-meta-medication-dosage-doserange-low.json	2547	1	0	0	0	0	0	0	0	2	0	0	0	0	0	0	0	0	0	0	2	12	16	0	0	0	1	0	0
fsh-generated/resources/SearchParameter-mii-sp-meta-medication-dosage-doserange.json	2832	2	0	0	0	0	0	0	1	4	0	0	0	0	0	0	0	0	0	0	2	14	12	0	0	1	0	0	0
fsh-generated/resources/SearchParameter-mii-sp-meta-medication-dosage-ratequantity.json	2675	1	0	0	1	0	0	0	0	3	0	0	0	0	0	0	0	0	0	0	2	13	13	0	0	0	1	0	1
fsh-generated/resources/SearchParameter-mii-sp-meta-medication-dosage-raterange-high.json	2555	1	0	0	0	0	0	0	0	2	0	0	0	0	0	0	0	0	0	0	1	14	14	0	0	0	0	0	0
fsh-generated/resources/SearchParameter-mii-sp-meta-medication-dosage-raterange-low.json	2547	1	0	0	0	0	0	0	0	3	0	0	0	0	0	0	0	0	0	0	2	12	13	0	0	0	0	0	0
fsh-generated/resources/SearchParameter-mii-sp-meta-medication-dosage-raterange.json	2832	2	0	0	0	0	0	0	0	3	0	0	0	0	0	0	0	0	0	0	2	16	14	0	0	0	1	0	0
fsh-generated/resources/SearchParameter-mii-sp-meta-medication-dosage-rateratio-denominator.json	2782	1	0	0	0	0	0	0	1	3	0	0	0	0	0	0	0	0	0	0	1	13	13	0	0	0	0	0	0
fsh-generated/resources/SearchParameter-mii-sp-meta-medication-dosage-rateratio-numerator.json	2762	1	0	0	0	0	0	0	0	4	0	0	0	0	0	0	0	0	0	0	2	14	12	0	0	0	1	0	0
fsh-generated/resources/SearchParameter-mii-sp-meta-medication-dosage-rateratio.json	2995	1	0	0	0	0	0	0	0	3	0	0	0	0	0	0	0	0	0	0	2	15	12	0	0	0	0	0	0
fsh-generated/resources/SearchParameter-mii-sp-meta-medication-dosage-route.json	2531	2	0	0	0	0	0	0	0	3	0	0	0	0	0	0	0	1	0	0	1	13	11	0	0	0	1	0	0
fsh-generated/resources/SearchParameter-mii-sp-meta-medication-dosage-site.json	2522	1	0	0	0	0	0	0	1	3	0	0	0	0	0	0	0	0	0	0	2	12	12	0	0	0	0	0	0
fsh-generated/resources/SearchParameter-mii-sp-meta-medication-ingredient-strength-denominator.json	2399	1	0	0	0	0	0	0	0	2	0	0	0	0	0	0	0	0	0	0	1	11	11	0	0	0	0	0	0
fsh-generated/resources/SearchParameter-mii-sp-meta-medication-ingredient-strength-numerator.json	2387	1	0	0	0	0	0	0	0	4	0	0	0	0	0	0	0	0	0	0	2	12	12	0	0	0	1	0	0
fsh-generated/resources/SearchParameter-mii-sp-meta-medication-ingredient-strength.json	2675	2	0	0	0	0	0	0	0	3	0	0	0	0	0	0	0	0	0	0	2	13	12	0	0	0	0	0	0
fsh-generated/resources/SearchParameter-mii-sp-meta-medication-list-mode.json	2159	1	0	0	0	0	0	0	1	2	0	0	0	0	0	0	0	0	0	0	1	11	10	0	0	0	0	0	1
fsh-generated/resources/SearchParameter-mii-sp-meta-medication-partof.json	2438	1	0	0	0	0	0	0	0	3	0	0	0	0	0	0	0	0	0	0	2	12	13	0	0	0	1	0	0
fsh-generated/resources/SearchParameter-mii-sp-meta-medication-reasonreference.json	2440	1	0	0	0	1	0	0	0	3	0	0	0	0	0	0	0	0	0	0	1	12	13	0	0	0	0	0	0
fsh-generated/resources/SearchParameter-mii-sp-meta-observation-body-structure.json	2360	1	0	0	0	0	0	0	0	2	0	0	0	0	0	0	0	0	0	0	1	11	12	0	0	0	1	0	0
fsh-generated/resources/SearchParameter-mii-sp-meta-observation-bodysite.json	2194	2	0	0	0	0	1	0	1	2	0	0	0	0	0	0	0	0	0	0	2	11	11	0	0	0	0	0	0
fsh-generated/resources/SearchParameter-mii-sp-meta-observation-component-interpretation.json	2288	1	0	0	0	0	0	0	0	3	0	0	0	0	0	0	0	0	0	0	1	11	11	0	0	0	0	0	0
fsh-generated/resources/SearchParameter-mii-sp-meta-observation-encounter.json	2203	2	0	0	0	0	0	0	0	2	0	0	0	0	0	0	0	0	0	0	2	11	12	0	0	0	1	0	0
fsh-generated/resources/SearchParameter-mii-sp-meta-observation-focus.json	2179	1	0	0	0	0	0	0	1	2	0	0	0	0	0	0	0	0	0	0	2	11	12	0	0	0	0	0	0
fsh-generated/resources/SearchParameter-mii-sp-meta-observation-hasmember.json	2204	1	0	0	0	0	0	0	0	3	0	0	0	0	0	0	0	0	0	0	1	11	11	0	0	0	0	0	0
fsh-generated/resources/SearchParameter-mii-sp-meta-observation-interpretation.json	2228	2	0	0	0	0	0	0	0	3	0	0	0	0	0	0	0	0	0	0	1	11	12	0	0	0	1	0	0
fsh-generated/resources/SearchParameter-mii-sp-meta-observation-issued.json	2179	1	0	0	0	0	0	0	0	3	0	0	0	0	0	0	0	0	0	0	1	10	11	0	0	0	0	0	0
fsh-generated/resources/SearchParameter-mii-sp-meta-observation-referencerange-high.json	2306	1	0	0	0	0	0	0	0	3	0	0	0	0	0	0	0	0	0	0	2	12	12	0	0	0	0	0	0
fsh-generated/resources/SearchParameter-mii-sp-meta-observation-referencerange-low.json	2299	1	0	0	1	0	0	0	1	2	0	0	0	0	0	0	0	0	0	0	1	11	12	0	0	0	1	0	1
fsh-generated/resources/SearchParameter-mii-sp-meta-observation-referencerange.json	2657	1	0	0	0	0	0	0	0	3	0	0	0	0	0	0	0	0	0	0	2	13	12	0	1	0	0	0	0
fsh-generated/resources/SearchParameter-mii-sp-meta-observation-series-uid.json	2454	2	0	0	0	0	0	0	0	3	0	0	0	0	0	0	0	0	0	0	2	13	12	0	0	0	1	0	0
fsh-generated/resources/SearchParameter-mii-sp-meta-observation-sop-instance-uid.json	2478	1	0	0	0	0	0	0	0	3	0	0	0	0	0	0	0	0	0	0	2	14	12	0	0	0	0	0	0
fsh-generated/resources/SearchParameter-mii-sp-meta-observation-value-ratio-denominator.json	2293	1	0	0	0	0	0	0	1	3	0	0	0	0	0	0	0	0	0	0	2	13	14	0	0	0	0	0	0
fsh-generated/resources/SearchParameter-mii-sp-meta-observation-value-ratio-numerator.json	2281	1	0	0	0	0	0	0	0	3	0	0	0	0	0	0	0	0	1	0	2	12	17	0	0	0	1	0	0
fsh-generated/resources/SearchParameter-mii-sp-meta-observation-value-ratio.json	2627	2	0	0	0	0	0	0	0	3	0	0	0	0	0	0	0	0	0	0	2	13	14	0	0	0	0	0	0
fsh-generated/resources/SearchParameter-mii-sp-meta-patient-adresszusatz.json	2306	1	0	0	0	0	0	0	0	2	0	0	0	0	0	0	0	0	0	0	2	11	13	0	0	0	0	0	0
fsh-generated/resources/SearchParameter-mii-sp-meta-patient-assignerpid.json	2225	1	0	0	0	0	0	0	1	3	0	0	0	0	0	0	0	0	0	0	1	10	12	0	0	0	1	0	0
fsh-generated/resources/SearchParameter-mii-sp-meta-patient-gemeindeschluessel.json	2312	1	0	0	0	0	0	0	0	3	0	0	0	0	0	0	0	0	0	0	2	12	12	0	0	0	0	0	0
fsh-generated/resources/SearchParameter-mii-sp-meta-patient-hausnummer.json	2291	1	0	0	0	0	0	0	0	2	0	0	0	0	0	0	0	0	0	0	1	11	11	0	0	0	1	0	0
fsh-generated/resources/SearchParameter-mii-sp-meta-patient-otheramtlich.json	2277	2	0	0	0	0	0	0	0	3	0	0	0	0	0	0	0	0	0	0	1	10	12	0	0	0	0	0	1
fsh-generated/resources/SearchParameter-mii-sp-meta-patient-postfach.json	2287	1	0	0	0	0	0	0	0	52	0	0	0	0	0	0	0	0	0	0	2	11	11	0	0	0	0	0	0
fsh-generated/resources/SearchParameter-mii-sp-meta-patient-prefix.json	2166	1	0	0	0	0	0	0	1	4	0	0	0	0	0	0	0	0	0	0	1	11	11	0	0	0	1	0	0
fsh-generated/resources/SearchParameter-mii-sp-meta-patient-prefixqualifier.json	2311	1	0	0	0	0	0	0	0	3	0	0	0	0	0	0	0	0	0	0	1	15	10	0	0	0	0	0	0
fsh-generated/resources/SearchParameter-mii-sp-meta-patient-stadtteil.json	2273	1	0	0	0	0	0	0	0	3	0	0	0	0	0	0	0	0	0	0	1	15	11	0	0	0	0	0	0
fsh-generated/resources/SearchParameter-mii-sp-meta-patient-strasse.json	2275	2	0	0	0	0	0	0	0	2	0	0	0	0	0	0	0	0	0	0	1	13	11	0	0	0	1	0	0
fsh-generated/resources/SearchParameter-mii-sp-meta-procedure-bodysite.json	2180	1	0	0	0	0	0	0	0	2	0	0	0	0	0	0	0	0	0	0	1	11	11	0	0	0	0	0	0
fsh-generated/resources/SearchParameter-mii-sp-meta-procedure-complication.json	2205	1	0	0	0	0	0	0	1	3	0	0	0	0	0	0	0	0	0	0	1	13	11	0	0	0	0	0	0
fsh-generated/resources/SearchParameter-mii-sp-meta-procedure-dokumentationsdatum.json	2317	1	0	0	0	0	0	0	0	3	0	0	0	0	0	0	0	0	0	0	2	13	13	0	0	0	1	0	0
fsh-generated/resources/SearchParameter-mii-sp-meta-procedure-durchfuehrungsabsicht.json	2376	1	0	0	0	0	0	0	0	9	0	0	0	0	0	0	0	0	0	0	1	11	12	0	0	0	0	0	0
fsh-generated/resources/SearchParameter-mii-sp-meta-procedure-ops-seitenlokalisation.json	2360	1	0	0	0	0	0	0	0	2	0	0	0	0	0	0	0	0	0	0	1	11	11	0	0	0	0	0	0
fsh-generated/resources/SearchParameter-mii-sp-meta-procedure-outcome.json	2175	2	0	0	0	0	0	0	1	3	0	0	0	0	0	0	0	0	0	0	1	10	11	0	0	0	1	0	0
fsh-generated/resources/SearchParameter-mii-sp-meta-procedure-recorder.json	2282	1	0	0	0	0	0	0	0	3	0	0	0	0	0	0	0	0	0	0	1	11	11	0	0	0	0	0	0
fsh-generated/resources/SearchParameter-mii-sp-meta-read-proc-report.json	2273	1	0	0	0	0	0	0	0	3	0	0	0	0	0	0	0	0	0	0	1	11	11	0	0	0	0	0	1
fsh-generated/resources/SearchParameter-mii-sp-meta-reason-reference.json	2318	1	0	0	0	0	0	0	0	2	0	0	0	0	0	0	0	0	0	0	2	12	11	0	0	0	1	0	0
fsh-generated/resources/SearchParameter-mii-sp-meta-researchstudy-akronym.json	2334	1	0	0	0	0	0	0	0	3	0	0	0	0	0	0	0	0	0	0	1	11	10	0	0	0	0	0	0
fsh-generated/resources/SearchParameter-mii-sp-meta-researchstudy-arm-name.json	2204	2	0	0	1	0	0	0	1	2	0	0	0	0	0	0	0	0	0	0	1	10	11	0	0	0	0	0	0
fsh-generated/resources/SearchParameter-mii-sp-meta-researchstudy-finanzierung.json	2364	1	0	0	0	0	0	0	0	2	0	0	0	0	0	0	0	0	0	0	1	11	11	0	0	0	1	0	0
fsh-generated/resources/SearchParameter-mii-sp-meta-researchstudy-label.json	2323	1	0	0	0	0	0	0	0	3	0	0	0	0	0	0	0	0	0	0	1	10	11	0	0	0	0	0	0
fsh-generated/resources/SearchParameter-mii-sp-meta-researchstudy-rekrutierungsstand-datum.json	2492	1	0	0	0	0	0	0	0	3	0	0	0	0	0	0	0	0	0	0	1	12	11	0	0	0	0	0	0
fsh-generated/resources/SearchParameter-mii-sp-meta-researchstudy-rekrutierungsstand-genauigkeit.json	2530	1	0	0	0	0	0	0	0	2	0	0	0	0	0	0	0	0	0	0	1	11	11	0	0	0	1	0	0
fsh-generated/resources/SearchParameter-mii-sp-meta-researchstudy-rekrutierungsstand.json	2459	2	0	0	0	0	0	0	1	8	0	0	0	0	0	0	0	0	0	0	2	11	12	0	0	0	0	0	0
fsh-generated/resources/SearchParameter-mii-sp-meta-researchstudy-rekrutierungsstart.json	2457	1	0	0	0	0	0	0	0	3	0	0	0	0	0	0	0	0	0	0	1	11	12	0	0	0	0	0	0
fsh-generated/resources/SearchParameter-mii-sp-meta-researchstudy-rekrutierungsziel.json	2453	1	0	0	0	0	0	0	0	4	0	0	0	0	0	0	0	0	0	0	1	11	11	0	0	0	1	0	0
fsh-generated/resources/SearchParameter-mii-sp-meta-researchstudy-studienregister.json	2385	1	0	0	0	0	0	0	0	2	0	0	0	0	0	0	0	0	0	0	1	10	11	0	0	0	0	0	1
fsh-generated/resources/SearchParameter-mii-sp-meta-researchsubject-consent.json	2247	2	0	0	0	0	0	0	0	3	0	0	0	0	0	0	0	0	0	0	1	11	11	0	0	0	1	0	0
fsh-generated/resources/SearchParameter-mii-sp-meta-servicerequest-reasoncode.json	2223	1	0	0	0	0	0	0	1	3	0	0	0	0	0	0	0	0	0	0	1	11	11	0	0	0	0	0	0
fsh-generated/resources/SearchParameter-mii-sp-meta-servicerequest-reasonreference.json	2360	1	0	0	0	0	0	0	0	3	0	0	0	0	0	0	0	0	0	0	1	12	11	0	0	0	0	0	0
fsh-generated/resources/SearchParameter-mii-sp-meta-servicerequest-supportinginfo.json	2252	1	0	0	0	0	0	0	0	3	0	0	0	0	0	0	0	0	0	0	1	11	11	0	0	0	1	0	0
fsh-generated/resources/SearchParameter-mii-sp-meta-specimen-collection-body-site.json	2246	1	0	0	0	0	0	0	0	2	0	0	0	0	0	0	0	0	0	0	1	12	15	0	0	0	0	0	0
fsh-generated/resources/SearchParameter-mii-sp-meta-specimen-collection-method.json	2229	2	0	0	0	0	0	0	1	3	0	0	0	0	0	0	0	0	0	0	2	10	14	0	0	0	0	0	0
fsh-generated/resources/SearchParameter-mii-sp-meta-specimen-container-additive.json	2259	1	0	0	0	0	0	0	0	2	0	0	0	0	0	0	0	0	0	0	1	12	14	0	0	0	1	0	0
fsh-generated/resources/SearchParameter-mii-sp-meta-specimen-diagnose.json	2378	1	0	0	0	0	0	0	0	2	0	0	0	0	0	0	0	0	0	0	1	12	13	0	0	0	0	0	0
fsh-generated/resources/SearchParameter-mii-sp-meta-specimen-processing-additive.json	2263	1	0	0	0	0	0	0	0	2	0	0	0	0	0	0	0	0	0	0	1	10	12	0	0	0	0	0	0
fsh-generated/resources/SearchParameter-mii-sp-meta-specimen-processing-date.json	2275	1	0	0	0	0	0	0	0	3	0	0	0	0	0	0	0	0	0	0	2	11	12	0	0	0	1	0	0
fsh-generated/resources/SearchParameter-mii-sp-meta-specimen-processing-procedure.json	2247	2	0	0	0	0	0	0	1	2	0	0	0	0	0	0	0	0	0	0	1	12	12	0	0	0	0	0	0
fsh-generated/resources/SearchParameter-mii-sp-meta-specimen-request.json	2173	1	0	0	0	0	0	0	0	2	0	0	0	0	0	0	0	0	0	0	1	10	15	0	0	0	0	0	1
fsh-generated/resources/SearchParameter-mii-sp-meta-supporting-info.json	2454	1	0	0	0	0	0	0	0	2	0	0	0	0	0	0	0	0	0	0	1	12	14	0	0	0	1	0	0
fsh-generated/resources/SearchParameter-mii-sp-meta-task-for.json	2157	1	0	0	0	0	0	0	0	2	0	0	0	0	0	0	0	0	0	0	1	10	11	0	0	0	0	0	0
fsh-generated/resources/SearchParameter-mii-sp-meta-task-reasoncode.json	2163	1	0	0	0	0	0	0	0	2	0	0	0	0	0	0	0	0	0	0	1	10	12	0	0	0	0	0	0
fsh-generated/resources/SearchParameter-mii-sp-meta-task-reasonreference.json	2234	1	0	0	1	0	0	0	1	6	0	0	0	0	0	0	0	0	0	0	2	11	11	0	0	0	1	0	0
fsh-generated/resources/StructureDefinition-mii-ex-meta-license-codeable.json	6720	3	0	19	0	0	0	0	0	723	0	0	1	0	0	0	0	0	0	0	1	56	640	0	0	0	2	0	0
fsh-generated/resources/StructureDefinition-mii-pr-meta-searchparameter.json	6703	3	0	112	0	0	0	0	0	27	0	0	0	0	0	0	0	1	0	0	0	172	664	0	0	0	7	0	1
input/resources/Parameters-expansion-manifest.json	509	1	0	0	0	0	0	0	2	1	0	0	0	0	0	0	0	0	0	0	3	55	573	0	0	0	0	0	1
/input/includes/menu.xml	5465	-	-	-	0	0	0	0	0	0	0	0	0	0	0	0	0	0	0	0	0	0	1	0	0	0	0	0	0
/fsh-generated/includes/fsh-link-references.md	18797	-	-	-	0	0	0	0	0	0	0	0	0	0	0	0	0	0	0	0	0	0	2	0	0	0	0	0	0
/input/intro-notes/StructureDefinition-mii-pr-meta-searchparameter-intro.md	243	-	-	-	0	0	0	0	0	0	0	0	0	0	0	0	0	0	0	0	0	0	0	0	0	0	0	0	0
/input/intro-notes/StructureDefinition-mii-ex-meta-license-codeable-intro.md	639	-	-	-	0	0	0	0	0	0	0	0	0	0	0	0	0	0	0	0	0	0	1	0	0	0	0	0	0
/input/intro-notes/CodeSystem-mii-cs-meta-diz-standorte-intro.md	294	-	-	-	0	0	0	0	0	0	0	0	0	0	0	0	0	0	0	0	0	0	0	0	0	0	0	0	0
/input/pagecontent/logical-models.md	75	-	-	-	0	0	0	0	0	0	0	0	0	0	0	0	0	0	0	0	0	0	1	0	0	0	0	0	0
/input/pagecontent/examples.md	227	-	-	-	0	0	0	0	0	0	0	0	0	0	0	0	0	0	0	0	0	0	0	0	0	0	0	0	0
/input/pagecontent/changes.md	1814	-	-	-	0	0	0	0	0	0	0	0	0	0	0	0	0	0	0	0	0	0	0	0	0	0	0	0	0
/input/pagecontent/guidance.md	133	-	-	-	0	0	0	0	0	0	0	0	0	0	0	0	0	0	0	0	0	0	1	0	0	0	0	0	0
/input/pagecontent/code-systems.md	200	-	-	-	0	0	0	0	0	0	0	0	0	0	0	0	0	0	0	0	0	0	0	0	0	0	0	0	0
/input/pagecontent/profiles.md	250	-	-	-	0	0	0	0	0	0	0	0	0	0	0	0	0	0	0	0	0	0	0	0	0	0	0	0	0
/input/pagecontent/index.md	1939	-	-	-	0	0	0	0	0	0	0	0	0	0	0	1	0	0	0	0	0	0	1	0	0	0	0	0	0
/input/pagecontent/translationinfo.md	455	-	-	-	0	0	0	0	0	0	0	0	0	0	0	0	0	0	0	0	0	0	0	0	0	0	0	0	0
/input/pagecontent/ImplementationGuide-mii-ig-meta.md	3383	-	-	-	0	0	0	0	0	0	0	0	0	0	0	0	0	0	0	0	0	0	2	0	0	0	0	0	0
/input/pagecontent/extensions.md	231	-	-	-	0	0	0	0	0	0	0	0	0	0	0	0	0	0	0	0	0	0	0	0	0	0	0	0	0
/input/pagecontent/downloads.md	2583	-	-	-	0	0	0	0	0	0	0	0	0	0	0	0	0	0	0	0	0	0	1	0	0	0	0	0	1
/input/pagecontent/security-and-privacy.md	2615	-	-	-	0	0	0	0	0	0	0	0	0	0	0	0	0	0	0	0	0	0	0	0	0	0	0	0	0
/input/pagecontent/metadata.md	3644	-	-	-	0	0	0	0	0	0	0	0	0	0	0	0	0	0	0	0	0	0	1	0	0	0	0	0	0
/input/pagecontent/implementer-guidance.md	949	-	-	-	0	0	0	0	0	0	0	0	0	0	0	0	0	0	0	0	0	0	1	0	0	0	0	0	0
/input/pagecontent/version-history.md	1493	-	-	-	0	0	0	0	0	0	0	0	0	0	0	0	0	0	0	0	0	0	0	0	0	0	0	0	0
/input/pagecontent/uml-diagrams.md	73	-	-	-	0	0	0	0	0	0	0	0	0	0	0	0	0	0	0	0	0	0	0	0	0	0	0	0	0
/input/pagecontent/capability-statements.md	121	-	-	-	0	0	0	0	0	0	0	0	0	0	0	0	0	0	0	0	0	0	1	0	0	0	0	0	0
/input/intro-notes	0	-	-	-	0	0	0	0	0	0	0	0	0	0	0	0	0	0	0	0	0	0	0	0	0	0	0	0	0
/input/intro-notes/StructureDefinition-mii-pr-meta-searchparameter-intro.md	243	-	-	-	0	0	0	0	0	0	0	0	0	0	0	0	0	0	0	0	0	0	0	0	0	0	0	0	0
/input/intro-notes/StructureDefinition-mii-ex-meta-license-codeable-intro.md	639	-	-	-	0	0	0	0	0	0	0	0	0	0	0	0	0	0	0	0	0	0	1	0	0	0	0	0	0
/input/intro-notes/CodeSystem-mii-cs-meta-diz-standorte-intro.md	294	-	-	-	0	0	0	0	0	0	0	0	0	0	0	0	0	0	0	0	0	0	0	0	0	0	0	0	0
/template/config	0	-	-	-	0	0	0	0	0	0	0	0	0	0	0	0	0	0	0	0	0	0	0	0	0	0	0	0	0
/template/config/_config.yml	140	-	-	-	0	0	0	0	0	0	0	0	0	0	0	0	0	0	0	0	0	0	0	0	0	0	0	0	0
/input/images	0	-	-	-	0	0	0	0	0	0	0	0	0	0	0	0	0	0	0	0	0	0	0	0	0	0	0	0	0
/temp/pages/_includes/artifacts.xml	116359	-	-	-	-	-	-	-	-	-	-	-	-	-	-	-	-	-	-	-	-	-	8	0	0	0	0	0	0
